code,lat,lng,address
2022dc305,38.9071923,-77.0368707,"Washington, DC, USA"
2022dc306,38.9071923,-77.0368707,"Washington, DC, USA"
2022dc312,38.9071923,-77.0368707,"Washington, DC, USA"
2022dc313,38.9071923,-77.0368707,"Washington, DC, USA"
2022dc319,38.9071923,-77.0368707,"Washington, DC, USA"
2022dc320,38.9071923,-77.0368707,"Washington, DC, USA"
2022dc326,38.9071923,-77.0368707,"Washington, DC, USA"
2022dc327,38.9071923,-77.0368707,"Washington, DC, USA"
2022va305,37.2485994,-77.3943448,"880 W Roslyn Rd, Colonial Heights, VA 23834, USA"
2022va306,37.2485994,-77.3943448,"880 W Roslyn Rd, Colonial Heights, VA 23834, USA"
2022va319,37.2485994,-77.3943448,"880 W Roslyn Rd, Colonial Heights, VA 23834, USA"
2022va320,37.2485994,-77.3943448,"880 W Roslyn Rd, Colonial Heights, VA 23834, USA"
